City_ID,City,Lat,Lng,Max Temp,Humidity,Cloudiness,Wind Speed,Country,Date
0,vila franca do campo,37.7167,-25.4333,71.89,99,100,17.96,PT,Fri Nov 10 20:10:44 2023
1,ribeira brava,32.65,-17.0667,69.12,78,65,3.62,PT,Fri Nov 10 20:10:44 2023
2,benghazi,32.1167,20.0667,72.0,54,0,4.63,LY,Fri Nov 10 20:10:12 2023
3,port alfred,-33.5906,26.891,65.17,91,43,7.0,ZA,Fri Nov 10 20:11:38 2023
4,san bernardo del viento,9.3533,-75.9524,82.17,85,100,5.19,CO,Fri Nov 10 20:11:38 2023
5,kolin,50.0281,15.2006,40.75,96,0,3.44,CZ,Fri Nov 10 20:10:44 2023
6,waitangi,-43.9535,-176.5597,54.82,71,69,4.0,NZ,Fri Nov 10 20:11:38 2023
7,flin flon,54.7682,-101.865,27.86,91,10,6.29,CA,Fri Nov 10 20:11:39 2023
8,bilibino,68.0546,166.4372,-17.05,100,99,2.73,RU,Fri Nov 10 20:11:39 2023
9,adamstown,-25.066,-130.1015,73.17,79,1,10.67,PN,Fri Nov 10 20:11:39 2023
10,bethel,41.3712,-73.414,47.64,72,0,0.0,US,Fri Nov 10 20:09:15 2023
11,blackmans bay,-43.0167,147.3167,62.73,81,94,14.05,AU,Fri Nov 10 20:11:39 2023
12,banda aceh,5.5577,95.3222,80.13,82,100,9.35,ID,Fri Nov 10 20:11:39 2023
13,singaraja,-8.112,115.0882,85.21,65,100,1.5,ID,Fri Nov 10 20:11:39 2023
14,olonkinbyen,70.9221,-8.7187,33.28,80,100,8.61,SJ,Fri Nov 10 20:11:39 2023
15,invercargill,-46.4,168.35,69.03,36,0,8.99,NZ,Fri Nov 10 20:11:40 2023
16,novyy urgal,51.0736,132.5642,10.87,80,37,0.43,RU,Fri Nov 10 20:11:40 2023
17,rawson,-43.3002,-65.1023,72.27,17,100,8.97,AR,Fri Nov 10 20:10:45 2023
18,badger,64.8,-147.5333,19.27,95,100,4.61,US,Fri Nov 10 20:11:40 2023
19,swift current,50.2834,-107.8014,34.79,63,9,16.02,CA,Fri Nov 10 20:11:40 2023
20,west island,-12.1568,96.8225,80.58,78,59,11.5,CC,Fri Nov 10 20:11:40 2023
21,grytviken,-54.2811,-36.5092,35.58,85,41,13.33,GS,Fri Nov 10 20:11:40 2023
22,puerto ayora,-0.7393,-90.3518,74.55,94,28,10.0,EC,Fri Nov 10 20:11:40 2023
23,kailua-kona,19.6406,-155.9956,82.51,77,100,8.05,US,Fri Nov 10 20:11:41 2023
24,ola,59.5833,151.2833,6.82,75,60,12.97,RU,Fri Nov 10 20:07:11 2023
25,udachny,66.4167,112.4,19.45,44,100,10.94,RU,Fri Nov 10 20:11:41 2023
26,argungu,12.7433,4.5269,77.61,21,94,5.01,NG,Fri Nov 10 20:11:42 2023
27,sitka,57.0531,-135.33,46.29,71,100,17.27,US,Fri Nov 10 20:11:42 2023
28,ushuaia,-54.8,-68.3,44.26,71,100,15.01,AR,Fri Nov 10 20:11:42 2023
29,hawaiian paradise park,19.5933,-154.9731,80.11,75,100,8.05,US,Fri Nov 10 20:11:42 2023
30,shizuishan,39.2333,106.7694,27.1,27,48,7.0,CN,Fri Nov 10 20:10:45 2023
31,daru,-9.0763,143.2092,82.87,65,21,10.16,PG,Fri Nov 10 20:11:42 2023
32,samarinda,-0.5,117.15,80.83,88,100,2.37,ID,Fri Nov 10 20:11:42 2023
33,port-aux-francais,-49.35,70.2167,37.47,96,100,35.52,TF,Fri Nov 10 20:11:42 2023
34,la passe,45.5549,-0.8967,49.98,72,100,7.29,FR,Fri Nov 10 20:11:43 2023
35,tadine,-21.55,167.8833,74.93,67,99,19.95,NC,Fri Nov 10 20:11:43 2023
36,iskateley,67.6803,53.1512,16.02,93,99,7.0,RU,Fri Nov 10 20:11:43 2023
37,katsuura,35.1333,140.3,58.46,68,100,18.32,JP,Fri Nov 10 20:11:43 2023
38,puerto natales,-51.7236,-72.4875,41.11,94,100,5.08,CL,Fri Nov 10 20:11:43 2023
39,sao raimundo nonato,-9.0153,-42.6994,81.19,39,0,1.9,BR,Fri Nov 10 20:11:43 2023
40,ribeira grande,38.5167,-28.7,68.77,96,17,15.01,PT,Fri Nov 10 20:11:43 2023
41,albany,42.6001,-73.9662,46.81,64,71,5.37,US,Fri Nov 10 20:10:02 2023
42,carutapera,-1.195,-46.02,80.62,78,24,11.99,BR,Fri Nov 10 20:11:43 2023
43,camarinas,43.1311,-9.1817,61.93,97,100,20.09,ES,Fri Nov 10 20:11:43 2023
44,sao joao da barra,-21.6403,-41.0511,72.68,90,0,1.54,BR,Fri Nov 10 20:11:44 2023
45,nar'yan-mar,67.6713,53.087,16.11,93,99,7.0,RU,Fri Nov 10 20:11:44 2023
46,portland,45.5234,-122.6762,53.62,83,100,5.99,US,Fri Nov 10 19:58:59 2023
47,tura,25.5198,90.2201,64.76,89,0,3.44,IN,Fri Nov 10 20:11:44 2023
48,taksimo,56.3444,114.8794,11.64,77,96,3.96,RU,Fri Nov 10 20:10:46 2023
49,yellowknife,62.456,-114.3525,36.41,99,100,4.0,CA,Fri Nov 10 20:08:02 2023
50,moyale,3.5167,39.0584,67.1,67,100,7.38,KE,Fri Nov 10 20:11:44 2023
51,palmeira,-25.4294,-50.0064,66.38,96,98,4.92,BR,Fri Nov 10 20:11:45 2023
52,hamilton,39.1834,-84.5333,53.1,51,0,8.05,US,Fri Nov 10 20:06:51 2023
53,qaqortoq,60.7167,-46.0333,19.18,58,68,9.95,GL,Fri Nov 10 20:11:45 2023
54,edinburgh of the seven seas,-37.0676,-12.3116,59.0,91,100,24.87,SH,Fri Nov 10 20:11:45 2023
55,alice springs,-23.7,133.8833,89.15,27,0,5.75,AU,Fri Nov 10 20:11:45 2023
56,fort st. john,56.2499,-120.8529,30.24,82,100,4.59,CA,Fri Nov 10 20:11:12 2023
57,port mathurin,-19.6833,63.4167,76.69,79,9,11.1,MU,Fri Nov 10 20:11:45 2023
58,patterson,37.4716,-121.1297,64.78,46,100,5.64,US,Fri Nov 10 20:11:45 2023
59,yazd,31.8972,54.3675,53.71,37,0,2.3,IR,Fri Nov 10 20:11:45 2023
60,atafu village,-8.5421,-172.5159,84.27,75,5,9.64,TK,Fri Nov 10 20:11:45 2023
61,sines,37.9562,-8.8698,63.28,89,71,1.99,PT,Fri Nov 10 20:11:46 2023
62,beloyarskiy,63.7119,66.6722,28.99,97,100,3.0,RU,Fri Nov 10 20:11:46 2023
63,bikenibeu village,1.3673,173.1241,87.76,74,75,8.05,KI,Fri Nov 10 20:10:47 2023
64,dhuusamarreeb,5.535,46.3861,73.96,91,100,8.86,SO,Fri Nov 10 20:11:46 2023
65,weihai,37.5017,122.1136,41.65,61,100,20.22,CN,Fri Nov 10 20:09:07 2023
66,lihue,21.9789,-159.3672,83.44,76,75,13.8,US,Fri Nov 10 20:11:46 2023
67,hermanus,-34.4187,19.2345,63.64,76,100,4.65,ZA,Fri Nov 10 20:11:46 2023
68,ilulissat,69.2167,-51.1,21.22,68,100,13.8,GL,Fri Nov 10 20:11:46 2023
69,yuzhno-kurilsk,44.0306,145.8556,42.37,88,100,16.22,RU,Fri Nov 10 20:11:46 2023
70,mili,6.0815,171.735,82.69,82,100,19.69,MH,Fri Nov 10 20:11:46 2023
71,san pedro pochutla,15.7333,-96.4667,82.11,85,11,4.07,MX,Fri Nov 10 20:11:47 2023
72,darwin,-12.4611,130.8418,89.94,70,75,9.22,AU,Fri Nov 10 20:11:47 2023
73,tongren,27.7172,109.1853,50.13,92,99,7.45,CN,Fri Nov 10 20:11:47 2023
74,constantia,44.1833,28.65,54.7,82,100,12.37,RO,Fri Nov 10 20:11:47 2023
75,sandusky,41.3501,-83.1332,47.8,61,6,3.0,US,Fri Nov 10 20:10:28 2023
76,mount isa,-20.7333,139.5,92.97,36,100,9.22,AU,Fri Nov 10 20:11:48 2023
77,thompson,55.7435,-97.8558,21.7,95,21,7.36,CA,Fri Nov 10 20:11:48 2023
78,port elizabeth,-33.918,25.5701,66.49,83,0,29.93,ZA,Fri Nov 10 20:11:48 2023
79,sabang,5.8933,95.3214,79.92,83,100,12.68,ID,Fri Nov 10 20:11:48 2023
80,muynoq,43.7683,59.0214,47.59,72,0,19.75,UZ,Fri Nov 10 20:11:49 2023
81,mandla,22.6,80.3833,64.2,66,0,2.77,IN,Fri Nov 10 20:11:49 2023
82,safotu,-13.4513,-172.4018,81.48,86,40,9.33,WS,Fri Nov 10 20:11:49 2023
83,olyokminsk,60.3736,120.4264,14.29,93,100,6.51,RU,Fri Nov 10 20:11:49 2023
84,klyuchi,52.2667,79.1667,37.87,87,99,10.78,RU,Fri Nov 10 20:11:49 2023
85,kavaratti,10.5669,72.642,82.78,75,65,6.04,IN,Fri Nov 10 20:11:49 2023
86,isaccea,45.2667,28.4667,55.89,78,100,4.9,RO,Fri Nov 10 20:10:51 2023
87,iqaluit,63.7506,-68.5145,19.13,79,100,11.5,CA,Fri Nov 10 20:11:50 2023
88,fort bragg,35.139,-79.006,54.82,68,100,1.99,US,Fri Nov 10 20:11:50 2023
89,whitehorse,60.7161,-135.0538,31.1,100,100,0.0,CA,Fri Nov 10 20:11:50 2023
90,lauro de freitas,-12.8944,-38.3272,78.82,78,40,10.36,BR,Fri Nov 10 20:07:10 2023
91,angaur state,6.906,134.13,82.92,79,100,9.89,PW,Fri Nov 10 20:11:50 2023
92,amahai,-3.3333,128.9167,84.6,70,44,2.53,ID,Fri Nov 10 20:09:11 2023
93,gitega,-3.5,29.95,60.96,90,100,1.97,BI,Fri Nov 10 20:11:50 2023
94,antsiranana,-12.2787,49.2917,75.25,90,19,4.12,MG,Fri Nov 10 20:11:50 2023
95,wanxian,30.8039,108.3897,60.71,83,100,5.28,CN,Fri Nov 10 20:11:50 2023
96,port augusta,-32.5,137.7667,76.78,45,15,19.69,AU,Fri Nov 10 20:11:50 2023
97,margaret river,-33.95,115.0667,63.25,53,18,10.89,AU,Fri Nov 10 20:07:58 2023
98,belogorsk,50.9158,128.4611,8.19,84,13,6.67,RU,Fri Nov 10 20:11:51 2023
99,debre tabor,11.85,38.0167,49.8,79,80,5.21,ET,Fri Nov 10 20:11:51 2023
100,tiksi,71.6872,128.8694,8.06,88,100,20.6,RU,Fri Nov 10 20:11:51 2023
101,bredasdorp,-34.5322,20.0403,64.24,71,100,7.94,ZA,Fri Nov 10 20:11:51 2023
102,murgab,37.4966,61.9714,60.51,50,93,16.69,TM,Fri Nov 10 20:10:52 2023
103,meadow lake,34.8014,-106.5436,44.08,74,24,3.36,US,Fri Nov 10 20:11:51 2023
104,egilsstadir,65.2653,-14.3948,21.11,86,0,6.91,IS,Fri Nov 10 20:11:51 2023
105,kristiansund,63.1115,7.732,39.85,65,20,13.8,NO,Fri Nov 10 20:11:51 2023
106,santarem,-2.4431,-54.7083,84.33,79,68,4.61,BR,Fri Nov 10 20:11:51 2023
107,kingston,17.997,-76.7936,82.24,88,7,2.75,JM,Fri Nov 10 20:11:51 2023
108,longyearbyen,78.2186,15.6401,13.84,73,75,3.44,SJ,Fri Nov 10 20:11:52 2023
109,mulchen,-37.7167,-72.2333,51.73,74,100,8.55,CL,Fri Nov 10 20:10:52 2023
110,aasiaat,68.7098,-52.8699,14.34,94,97,6.15,GL,Fri Nov 10 20:11:52 2023
111,kodiak,57.79,-152.4072,36.91,52,75,13.8,US,Fri Nov 10 20:11:52 2023
112,malango,-2.9627,119.9001,72.28,88,95,1.01,ID,Fri Nov 10 20:11:52 2023
113,haiku-pauwela,20.9219,-156.3051,86.02,56,40,21.85,US,Fri Nov 10 20:11:52 2023
114,labrador city,52.9463,-66.9114,17.01,96,100,2.53,CA,Fri Nov 10 20:11:52 2023
115,nenjiang,49.1833,125.2167,9.72,72,14,3.29,CN,Fri Nov 10 20:10:53 2023
116,vorgashor,67.5833,63.95,4.28,100,94,5.26,RU,Fri Nov 10 20:11:52 2023
117,les cayes,18.2,-73.75,80.51,83,0,3.27,HT,Fri Nov 10 20:11:52 2023
118,flying fish cove,-10.4217,105.6791,80.28,78,75,10.36,CX,Fri Nov 10 20:11:52 2023
119,tazovsky,67.4667,78.7,14.65,96,100,6.73,RU,Fri Nov 10 20:11:52 2023
120,slyudyanka,51.6594,103.7061,13.8,81,4,5.61,RU,Fri Nov 10 20:09:30 2023
121,stanley,54.868,-1.6985,40.28,90,40,10.36,GB,Fri Nov 10 20:11:53 2023
122,wailua homesteads,22.0669,-159.378,82.83,81,75,13.8,US,Fri Nov 10 20:11:53 2023
123,ponta pora,-22.5361,-55.7256,80.13,49,68,6.67,BR,Fri Nov 10 20:08:29 2023
124,west bay,19.3667,-81.4167,84.27,88,20,9.22,KY,Fri Nov 10 20:11:53 2023
125,tindouf,27.6711,-8.1474,70.12,27,50,5.3,DZ,Fri Nov 10 20:10:53 2023
126,pierre,44.3683,-100.351,37.85,65,0,9.22,US,Fri Nov 10 20:11:53 2023
127,moyynkum,44.2914,72.9469,43.65,69,83,7.4,KZ,Fri Nov 10 20:11:53 2023
128,mizdah,31.4451,12.9801,63.66,32,96,2.13,LY,Fri Nov 10 20:11:53 2023
129,dessalines,19.2833,-72.5,76.19,79,20,5.17,HT,Fri Nov 10 20:11:53 2023
130,borazjan,29.2666,51.2159,72.72,50,100,1.34,IR,Fri Nov 10 20:11:53 2023
131,birsk,55.4211,55.5428,40.26,94,100,2.53,RU,Fri Nov 10 20:11:53 2023
132,ash shatrah,31.4117,46.1742,71.42,32,31,2.15,IQ,Fri Nov 10 20:11:53 2023
133,svetlyy,54.675,20.1347,48.36,87,100,6.02,RU,Fri Nov 10 20:11:53 2023
134,crane,31.3974,-102.3501,54.1,55,100,8.01,US,Fri Nov 10 20:11:53 2023
135,posse,-14.0931,-46.3694,80.96,30,7,11.68,BR,Fri Nov 10 20:11:54 2023
136,la libertad,-2.2333,-80.9,73.13,80,100,10.71,EC,Fri Nov 10 20:11:54 2023
137,st. john's,47.5649,-52.7093,37.98,89,99,8.01,CA,Fri Nov 10 20:07:09 2023
138,pawni,20.7833,79.6333,67.06,64,21,3.02,IN,Fri Nov 10 20:10:54 2023
139,kani keli,-12.9536,45.1033,79.86,77,18,5.88,YT,Fri Nov 10 20:11:54 2023
140,amasra,41.7463,32.3863,59.95,65,99,6.02,TR,Fri Nov 10 20:10:54 2023
141,geraldton,-28.7667,114.6,75.61,31,75,14.97,AU,Fri Nov 10 20:11:54 2023
142,christchurch,-43.5333,172.6333,69.53,60,0,16.11,NZ,Fri Nov 10 20:11:54 2023
143,greater sudbury,46.49,-80.99,31.05,80,100,7.0,CA,Fri Nov 10 20:10:54 2023
144,rongelap,11.1635,166.8941,81.37,83,100,20.98,MH,Fri Nov 10 20:11:54 2023
145,al hamul,31.3115,31.1477,67.8,82,100,6.44,EG,Fri Nov 10 20:10:55 2023
146,serinhisar,37.581,29.2664,45.05,66,4,6.35,TR,Fri Nov 10 20:11:54 2023
147,punta arenas,-53.15,-70.9167,48.11,66,100,4.5,CL,Fri Nov 10 20:08:23 2023
148,belyy yar,53.6039,91.3903,3.09,92,100,0.0,RU,Fri Nov 10 20:11:54 2023
149,nieuw amsterdam,5.8833,-55.0833,82.56,82,10,12.91,SR,Fri Nov 10 20:10:55 2023
150,talnakh,69.4865,88.3972,22.21,95,100,13.98,RU,Fri Nov 10 20:11:54 2023
151,nouadhibou,20.931,-17.0347,73.38,64,0,13.8,MR,Fri Nov 10 20:07:08 2023
152,morehead city,34.7229,-76.726,60.8,77,100,11.99,US,Fri Nov 10 20:11:55 2023
153,anadyr,64.75,177.4833,9.1,72,0,15.66,RU,Fri Nov 10 20:11:55 2023
154,isafjordur,66.0755,-23.124,33.71,79,99,3.4,IS,Fri Nov 10 20:11:55 2023
155,chonchi,-42.6128,-73.8092,49.21,94,100,12.97,CL,Fri Nov 10 20:11:55 2023
156,fortuna,40.5982,-124.1573,54.99,92,100,5.75,US,Fri Nov 10 20:11:55 2023
157,cabo san lucas,22.8909,-109.9124,82.76,69,20,8.05,MX,Fri Nov 10 20:11:55 2023
158,campbell river,50.0163,-125.2446,49.44,100,100,16.11,CA,Fri Nov 10 20:09:11 2023
159,graham,47.0529,-122.2943,49.89,80,100,6.91,US,Fri Nov 10 20:10:55 2023
160,gadzhiyevo,69.2551,33.3362,16.41,97,61,7.61,RU,Fri Nov 10 20:11:55 2023
161,magdagachi,53.45,125.8,12.25,54,1,7.38,RU,Fri Nov 10 20:11:55 2023
162,fisterra,42.9049,-9.2629,61.75,96,100,20.6,ES,Fri Nov 10 20:11:55 2023
163,rosso,16.4986,-15.8153,77.92,23,6,9.53,SN,Fri Nov 10 20:10:56 2023
164,codrington,-38.2667,141.9667,61.5,51,13,16.33,AU,Fri Nov 10 20:11:56 2023
165,hovd,48.0056,91.6419,23.4,94,100,1.79,MN,Fri Nov 10 20:11:56 2023
166,petropavlovsk-kamchatsky,53.0452,158.6483,32.59,98,75,4.0,RU,Fri Nov 10 20:09:20 2023
167,cidade velha,14.9167,-23.6167,75.67,69,20,11.5,CV,Fri Nov 10 20:10:56 2023
168,utrik,11.2278,169.8474,81.91,82,100,21.36,MH,Fri Nov 10 20:11:56 2023
169,alofi,-19.0595,-169.9187,78.69,89,100,4.61,NU,Fri Nov 10 20:11:56 2023
170,enniskillen,54.3461,-7.6413,39.65,97,29,3.15,GB,Fri Nov 10 20:11:56 2023
171,dudinka,69.4058,86.1778,22.62,95,100,18.99,RU,Fri Nov 10 20:11:56 2023
172,takoradi,4.8845,-1.7554,78.15,90,64,8.5,GH,Fri Nov 10 20:11:56 2023
173,ilhabela,-23.7781,-45.3581,72.45,94,91,4.34,BR,Fri Nov 10 20:07:13 2023
174,fale old settlement,-9.3852,-171.2468,83.93,75,50,10.07,TK,Fri Nov 10 20:11:56 2023
175,fortaleza,-3.7227,-38.5247,83.07,70,20,14.97,BR,Fri Nov 10 20:11:56 2023
176,saipan,15.1355,145.701,88.5,66,20,18.41,MP,Fri Nov 10 20:11:56 2023
177,hadibu,12.65,54.0333,80.2,81,100,12.62,YE,Fri Nov 10 20:11:56 2023
178,washington,47.5001,-120.5015,45.19,84,100,0.87,US,Fri Nov 10 20:10:00 2023
179,tual,-5.6667,132.75,82.2,78,58,10.4,ID,Fri Nov 10 20:11:57 2023
180,kone,-21.0595,164.8658,81.75,46,18,8.61,NC,Fri Nov 10 20:07:09 2023
181,pangkalanbuun,-2.6833,111.6167,85.12,67,100,2.13,ID,Fri Nov 10 20:11:57 2023
182,murzuq,25.9155,13.9184,67.87,32,0,8.21,LY,Fri Nov 10 20:11:57 2023
183,przysucha,51.3586,20.6289,43.5,91,100,2.53,PL,Fri Nov 10 20:11:57 2023
184,shimoda,34.6667,138.95,59.11,65,98,17.07,JP,Fri Nov 10 20:11:57 2023
185,tralee,52.2704,-9.7026,45.34,86,65,5.08,IE,Fri Nov 10 20:11:57 2023
186,atar,20.5169,-13.0499,74.89,24,0,5.77,MR,Fri Nov 10 20:11:57 2023
187,puerto baquerizo moreno,-0.9,-89.6,75.88,82,39,11.97,EC,Fri Nov 10 20:11:57 2023
188,safonovo,55.15,33.2167,38.1,89,100,8.86,RU,Fri Nov 10 20:11:57 2023
189,eastham,41.8301,-69.9739,48.99,62,0,3.44,US,Fri Nov 10 20:10:57 2023
190,pama,11.2497,0.7075,83.35,21,86,4.32,BF,Fri Nov 10 20:10:57 2023
191,maumere,-8.6199,122.2111,84.61,67,42,0.67,ID,Fri Nov 10 20:11:57 2023
192,sambava,-14.2667,50.1667,75.22,92,42,3.09,MG,Fri Nov 10 20:10:57 2023
193,qui nhon,13.7667,109.2333,79.07,87,27,6.35,VN,Fri Nov 10 20:11:58 2023
194,errachidia,31.9275,-4.4285,59.05,44,0,2.3,MA,Fri Nov 10 20:10:58 2023
195,plenita,44.2167,23.1833,47.14,90,100,6.96,RO,Fri Nov 10 20:10:58 2023
196,turpan,42.9333,89.1667,48.56,29,100,2.17,CN,Fri Nov 10 20:11:58 2023
197,opuwo,-18.0607,13.84,73.69,35,100,1.19,NA,Fri Nov 10 20:11:58 2023
198,margate,51.3813,1.3862,41.7,86,5,4.0,GB,Fri Nov 10 20:05:19 2023
199,petauke,-14.2426,31.3253,70.03,69,47,9.1,ZM,Fri Nov 10 20:11:58 2023
200,masuguru,-11.3667,38.4167,78.08,74,13,4.59,TZ,Fri Nov 10 20:11:58 2023
201,volney,43.3428,-76.3577,46.51,68,100,5.75,US,Fri Nov 10 20:11:58 2023
202,cozumel,20.5083,-86.9458,80.94,97,100,9.22,MX,Fri Nov 10 20:11:58 2023
203,srivardhan,18.0333,73.0167,77.18,75,39,5.06,IN,Fri Nov 10 20:11:58 2023
204,nyurba,63.2842,118.3319,4.44,96,59,7.02,RU,Fri Nov 10 20:11:59 2023
205,balqash,46.8481,74.995,41.34,80,13,9.95,KZ,Fri Nov 10 20:11:59 2023
206,georgetown,5.4112,100.3354,80.94,89,20,0.0,MY,Fri Nov 10 20:11:59 2023
207,port saint john's,-31.6229,29.5448,69.01,89,2,9.08,ZA,Fri Nov 10 20:11:59 2023
208,new norfolk,-42.7826,147.0587,63.9,68,100,8.88,AU,Fri Nov 10 20:11:59 2023
209,papatowai,-46.5619,169.4708,64.94,39,0,3.51,NZ,Fri Nov 10 20:11:59 2023
210,bel ombre,-4.6167,55.4167,81.64,79,24,10.69,SC,Fri Nov 10 20:10:59 2023
211,baoro,5.6667,15.9667,68.11,96,66,1.19,CF,Fri Nov 10 20:11:19 2023
212,hassi messaoud,31.6804,6.0729,67.73,39,3,8.88,DZ,Fri Nov 10 20:11:59 2023
213,kayenta,36.7278,-110.2546,43.59,37,19,2.35,US,Fri Nov 10 20:11:59 2023
214,oranjemund,-28.55,16.4333,61.34,88,100,8.61,NA,Fri Nov 10 20:11:59 2023
215,lebu,-37.6167,-73.65,52.45,81,100,20.54,CL,Fri Nov 10 20:11:59 2023
216,illizi,26.4833,8.4667,67.95,19,3,1.23,DZ,Fri Nov 10 20:11:59 2023
217,santa terezinha,-29.9002,-50.0904,67.53,89,100,20.6,BR,Fri Nov 10 20:11:59 2023
218,kupang,-10.1667,123.5833,90.18,66,20,8.05,ID,Fri Nov 10 20:11:59 2023
219,snovsk,51.8239,31.9428,42.4,80,100,14.43,UA,Fri Nov 10 20:12:00 2023
220,castillos,-34.1667,-53.8333,59.36,94,100,18.66,UY,Fri Nov 10 20:12:00 2023
221,port lincoln,-34.7333,135.8667,61.95,58,68,18.1,AU,Fri Nov 10 20:12:00 2023
222,tabas,33.5959,56.9244,60.67,33,29,1.3,IR,Fri Nov 10 20:12:00 2023
223,gaspe,48.8334,-64.4819,35.51,100,75,2.3,CA,Fri Nov 10 20:12:00 2023
224,lompoc,34.6391,-120.4579,66.34,76,0,15.99,US,Fri Nov 10 20:11:39 2023
225,emerald,-23.5333,148.1667,84.34,41,9,8.05,AU,Fri Nov 10 20:11:14 2023
226,hasaki,35.7333,140.8333,55.8,63,100,24.52,JP,Fri Nov 10 20:12:00 2023
227,porto cristo,39.5395,3.333,57.63,72,10,11.03,ES,Fri Nov 10 20:11:00 2023
228,ust-nera,64.5667,143.2,-19.68,96,55,4.05,RU,Fri Nov 10 20:12:00 2023
229,buala,-8.145,159.5921,80.67,85,100,0.87,SB,Fri Nov 10 20:12:00 2023
230,as sulayyil,20.4607,45.5779,68.25,36,100,7.83,SA,Fri Nov 10 20:12:00 2023
231,mont-dore,-22.2833,166.5833,80.58,65,89,17.92,NC,Fri Nov 10 20:09:58 2023
232,saint-joseph,-21.3667,55.6167,72.46,83,99,1.45,RE,Fri Nov 10 20:12:01 2023
233,mammoth lakes,37.6485,-118.9721,39.92,35,0,0.0,US,Fri Nov 10 20:11:01 2023
234,lorengau,-2.0226,147.2712,84.34,74,100,9.48,PG,Fri Nov 10 20:12:01 2023
235,nuuk,64.1835,-51.7216,20.88,73,23,15.99,GL,Fri Nov 10 20:12:01 2023
236,bodden town,19.2833,-81.25,84.2,89,20,9.22,KY,Fri Nov 10 20:12:01 2023
237,barakani,-12.1356,44.4317,79.3,81,57,6.67,KM,Fri Nov 10 20:12:01 2023
238,usogorsk,63.4106,48.6872,32.67,96,27,5.46,RU,Fri Nov 10 20:12:01 2023
239,arno,60.1167,18.6333,44.78,92,78,7.83,SE,Fri Nov 10 20:11:02 2023
240,crescent city,41.756,-124.2018,54.48,86,0,3.44,US,Fri Nov 10 20:09:50 2023
241,bontang,0.1333,117.5,83.26,73,88,4.76,ID,Fri Nov 10 20:09:14 2023
242,uturoa,-16.7333,-151.4333,80.71,81,100,11.72,PF,Fri Nov 10 20:12:01 2023
243,songling,31.1933,120.7176,55.47,67,100,9.35,CN,Fri Nov 10 20:10:04 2023
244,vadso,70.0744,29.7487,30.36,93,40,12.66,NO,Fri Nov 10 20:12:02 2023
245,fort abbas,29.1925,72.8536,66.85,61,0,6.98,PK,Fri Nov 10 20:12:02 2023
246,naze,28.3667,129.4833,70.05,68,100,11.77,JP,Fri Nov 10 20:12:02 2023
247,bemidji,47.4736,-94.8803,31.05,94,100,4.61,US,Fri Nov 10 20:09:17 2023
248,sandnessjoen,66.0217,12.6316,21.72,70,1,19.06,NO,Fri Nov 10 20:12:02 2023
249,princeville,45.7668,-61.2985,41.54,85,75,11.5,CA,Fri Nov 10 20:12:02 2023
250,ulladulla,-35.35,150.4667,92.77,43,10,10.74,AU,Fri Nov 10 20:12:02 2023
251,plesetsk,62.708,40.2916,36.68,98,100,8.28,RU,Fri Nov 10 20:12:02 2023
252,jamestown,42.097,-79.2353,45.55,86,75,6.91,US,Fri Nov 10 20:03:17 2023
253,tessaoua,13.7574,7.9874,76.1,19,92,6.67,NE,Fri Nov 10 20:12:03 2023
254,fergus falls,46.283,-96.0776,33.87,91,100,0.0,US,Fri Nov 10 20:12:03 2023
255,keflavik,64.0049,-22.5624,37.31,93,40,5.75,IS,Fri Nov 10 20:12:03 2023
256,katabu,-4.9333,122.5167,89.22,45,79,2.86,ID,Fri Nov 10 20:12:03 2023
257,colonia,50.9333,6.95,46.06,91,100,11.5,DE,Fri Nov 10 20:11:37 2023
258,dzuunharaa,48.8523,106.4579,3.92,87,5,2.77,MN,Fri Nov 10 20:12:04 2023
259,ndibene dahra,15.3338,-15.4766,77.16,16,35,7.72,SN,Fri Nov 10 20:12:04 2023
260,anatuya,-28.4606,-62.8347,77.72,76,100,11.34,AR,Fri Nov 10 20:11:20 2023
261,bardai,11.65,7.2333,73.0,22,96,5.68,NG,Fri Nov 10 20:11:04 2023
262,holualoa,19.6228,-155.9522,78.78,77,100,8.05,US,Fri Nov 10 20:12:04 2023
263,mandan,46.8267,-100.8896,33.96,80,0,5.01,US,Fri Nov 10 20:10:56 2023
264,kalevala,65.2,31.1667,17.1,98,74,3.0,RU,Fri Nov 10 20:12:04 2023
265,east london,-33.0153,27.9116,67.62,88,100,9.53,ZA,Fri Nov 10 20:12:04 2023
266,vershino-darasunskiy,52.35,115.5167,8.65,73,84,3.65,RU,Fri Nov 10 20:12:04 2023
267,notodden,59.5594,9.2585,37.0,92,100,5.03,NO,Fri Nov 10 20:12:04 2023
268,chui,-33.6971,-53.4616,61.77,88,100,19.66,UY,Fri Nov 10 20:10:12 2023
269,minas de marcona,-15.2119,-75.1103,59.74,86,68,11.92,PE,Fri Nov 10 20:12:05 2023
270,obudu,6.6674,9.1716,73.89,94,100,3.94,NG,Fri Nov 10 20:12:05 2023
271,red hill,33.9996,-79.2581,66.06,69,100,13.53,US,Fri Nov 10 20:12:05 2023
272,uryupinsk,50.8047,42.0138,33.62,90,15,4.25,RU,Fri Nov 10 20:12:05 2023
273,avarua,-21.2078,-159.775,78.85,89,75,8.05,CK,Fri Nov 10 20:12:05 2023
274,tsiombe,-25.3,45.4833,67.69,71,78,8.32,MG,Fri Nov 10 20:12:05 2023
275,morondava,-20.2833,44.2833,72.66,74,0,7.7,MG,Fri Nov 10 20:07:22 2023
276,toliara,-23.35,43.6667,68.34,69,0,13.4,MG,Fri Nov 10 20:12:05 2023
277,figline valdarno,43.6195,11.4693,51.37,96,20,1.97,IT,Fri Nov 10 20:12:05 2023
278,geidam,12.897,11.9304,79.99,21,75,9.98,NG,Fri Nov 10 20:12:06 2023
279,nova sintra,14.8667,-24.7167,72.54,68,56,6.11,CV,Fri Nov 10 20:12:06 2023
280,luderitz,-26.6481,15.1594,61.25,88,9,11.07,NA,Fri Nov 10 20:12:06 2023
281,walvis bay,-22.9575,14.5053,59.09,93,70,4.05,NA,Fri Nov 10 20:12:06 2023
282,tiruchchendur,8.4833,78.1167,77.29,85,100,15.52,IN,Fri Nov 10 20:12:06 2023
283,hun,29.1268,15.9477,68.32,34,0,5.53,LY,Fri Nov 10 20:07:17 2023
284,mossel bay,-34.1831,22.146,62.53,90,64,10.16,ZA,Fri Nov 10 20:12:06 2023
285,valley city,46.9233,-98.0032,30.72,100,100,4.61,US,Fri Nov 10 20:12:07 2023
286,college,64.8569,-147.8028,19.35,90,100,4.61,US,Fri Nov 10 20:09:36 2023
287,delmiro gouveia,-9.3886,-37.9992,75.51,69,0,12.12,BR,Fri Nov 10 20:12:07 2023
288,taoudenni,22.6783,-3.9836,74.89,17,0,7.54,ML,Fri Nov 10 20:11:06 2023
289,pariaman,-0.619,100.12,77.05,89,86,2.04,ID,Fri Nov 10 20:12:07 2023
290,ban phru nai,7.9333,98.5833,85.98,77,100,5.21,TH,Fri Nov 10 20:12:07 2023
291,sinabang,2.4803,96.3801,79.61,81,100,0.83,ID,Fri Nov 10 20:12:07 2023
292,las palmas,28.4204,-14.0131,68.79,78,40,19.57,ES,Fri Nov 10 20:12:07 2023
293,enewetak,11.3474,162.3373,83.57,75,99,18.41,MH,Fri Nov 10 20:12:07 2023
294,taroa,8.7058,171.2275,81.16,84,100,26.28,MH,Fri Nov 10 20:12:07 2023
295,nako,31.8814,78.627,27.88,82,65,2.59,IN,Fri Nov 10 20:12:08 2023
296,kitimat,54.0524,-128.6534,36.91,64,100,1.99,CA,Fri Nov 10 20:12:08 2023
297,chinsali,-10.5414,32.0816,65.71,80,100,6.51,ZM,Fri Nov 10 20:12:08 2023
298,la'ie,21.6477,-157.9253,87.76,85,18,5.99,US,Fri Nov 10 20:12:08 2023
299,irituia,-1.7711,-47.4381,78.49,80,16,4.36,BR,Fri Nov 10 20:12:08 2023
300,buon ma thuot,12.6667,108.05,75.6,82,100,6.06,VN,Fri Nov 10 20:11:07 2023
301,miandrivazo,-19.5167,45.4667,74.8,74,3,1.79,MG,Fri Nov 10 20:07:23 2023
302,vilyuchinsk,52.9306,158.4028,34.07,99,100,2.37,RU,Fri Nov 10 20:12:04 2023
303,ciudad guadalupe victoria,24.4497,-104.1225,63.34,59,69,3.74,MX,Fri Nov 10 20:11:08 2023
304,sisimiut,66.9395,-53.6735,20.79,84,89,11.86,GL,Fri Nov 10 20:12:09 2023
305,turan,16.0678,108.2208,80.58,89,20,2.3,VN,Fri Nov 10 20:12:03 2023
306,afaahiti,-17.75,-149.2833,84.07,83,100,10.76,PF,Fri Nov 10 20:12:09 2023
307,ancud,-41.8697,-73.8203,51.13,79,100,24.29,CL,Fri Nov 10 20:12:09 2023
308,acarau,-2.8856,-40.12,79.52,79,1,18.77,BR,Fri Nov 10 20:12:09 2023
309,akureyri,65.6835,-18.0878,21.13,93,0,2.3,IS,Fri Nov 10 20:12:09 2023
310,kanigiri,15.4,79.5167,71.98,87,83,3.62,IN,Fri Nov 10 20:12:10 2023
311,kuanda,56.3161,116.0806,4.44,89,83,1.14,RU,Fri Nov 10 20:12:10 2023
312,zouerate,22.7187,-12.4521,74.71,24,0,7.34,MR,Fri Nov 10 20:12:11 2023
313,vilyuysk,63.7553,121.6247,-4.36,100,100,3.53,RU,Fri Nov 10 20:12:12 2023
314,forster,-32.1667,152.5167,81.37,67,0,16.24,AU,Fri Nov 10 20:12:12 2023
315,las heras,-46.5419,-68.9359,56.89,32,100,31.43,AR,Fri Nov 10 20:11:09 2023
316,borkum,53.5809,6.6915,49.95,74,100,9.48,DE,Fri Nov 10 20:12:12 2023
317,kununurra,-15.7667,128.7333,89.58,62,11,8.05,AU,Fri Nov 10 20:12:12 2023
318,visakhapatnam,17.69,83.2093,69.69,100,0,2.3,IN,Fri Nov 10 20:08:17 2023
319,luena,-11.7833,19.9167,63.36,94,99,3.89,AO,Fri Nov 10 20:12:12 2023
320,lidzbark,53.2628,19.8266,43.97,87,100,3.4,PL,Fri Nov 10 20:12:13 2023
321,terenozek,45.05,64.9833,48.67,53,100,12.5,KZ,Fri Nov 10 20:12:13 2023
322,villa rica,33.7321,-84.9191,58.6,91,100,1.99,US,Fri Nov 10 20:12:13 2023
323,hotan,37.0997,79.9269,40.8,41,0,4.61,CN,Fri Nov 10 20:12:13 2023
324,shihezi,44.3,86.0333,37.45,94,100,2.15,CN,Fri Nov 10 20:12:13 2023
325,port hedland,-20.3167,118.5667,87.85,58,100,8.05,AU,Fri Nov 10 20:12:13 2023
326,cockburn town,21.4612,-71.1419,83.39,77,100,21.54,TC,Fri Nov 10 20:12:13 2023
327,sanchor,24.7553,71.7722,73.08,24,0,10.02,IN,Fri Nov 10 20:12:13 2023
328,khilok,51.3674,110.4676,7.48,87,52,3.65,RU,Fri Nov 10 20:10:06 2023
329,ataq,14.5377,46.8319,65.79,33,9,2.98,YE,Fri Nov 10 20:12:14 2023
330,caleta de carquin,-11.0925,-77.6267,66.92,84,18,10.4,PE,Fri Nov 10 20:12:14 2023
331,susuman,62.7833,148.1667,-14.89,98,93,1.9,RU,Fri Nov 10 20:12:14 2023
332,bol'sherech'ye,56.0925,74.6272,34.68,99,100,6.06,RU,Fri Nov 10 20:11:10 2023
333,valparaiso,-33.0393,-71.6273,56.84,100,75,3.44,CL,Fri Nov 10 20:10:59 2023
334,laurel,39.0993,-76.8483,44.06,93,100,3.44,US,Fri Nov 10 20:10:04 2023
335,homer,59.6425,-151.5483,35.47,79,100,1.01,US,Fri Nov 10 20:12:14 2023
336,revda,56.801,59.9303,35.19,100,100,2.21,RU,Fri Nov 10 20:11:11 2023
337,broome,42.2506,-75.833,45.54,71,100,8.05,US,Fri Nov 10 20:12:15 2023
338,vila velha,-20.3297,-40.2925,76.95,89,0,10.36,BR,Fri Nov 10 20:10:17 2023
339,kosciusko,33.0576,-89.5876,54.41,87,100,7.18,US,Fri Nov 10 20:12:15 2023
340,alausi,-2.2,-78.8333,52.95,88,100,2.82,EC,Fri Nov 10 20:12:15 2023
341,anderson,34.5334,-82.6499,59.92,76,100,14.97,US,Fri Nov 10 20:07:37 2023
342,abepura,-2.6333,140.5833,90.41,55,40,9.22,ID,Fri Nov 10 20:11:11 2023
343,kaa-khem,51.6833,94.7333,-1.35,91,8,4.05,RU,Fri Nov 10 20:12:15 2023
344,taro,-8.3862,115.28,77.0,58,99,1.86,ID,Fri Nov 10 20:11:12 2023
345,saint-pierre,-21.3393,55.4781,73.56,94,75,4.61,RE,Fri Nov 10 20:12:15 2023
346,pindushi,62.9152,34.58,35.98,99,100,1.83,RU,Fri Nov 10 20:12:15 2023
347,onega,63.9061,38.1404,35.35,99,100,4.23,RU,Fri Nov 10 20:12:16 2023
348,al-hamdaniya,36.2715,43.3737,66.94,38,80,6.91,IQ,Fri Nov 10 20:11:13 2023
349,sultanah,24.4926,39.5857,73.85,27,0,6.91,SA,Fri Nov 10 20:12:16 2023
350,rehoboth,-23.3167,17.0833,71.76,47,100,6.62,NA,Fri Nov 10 20:11:13 2023
351,hithadhoo,-0.6,73.0833,80.44,84,30,14.54,MV,Fri Nov 10 20:12:16 2023
352,chos malal,-37.3781,-70.2709,54.46,45,0,18.3,AR,Fri Nov 10 20:12:16 2023
353,krasnoarmeysk,51.0239,45.6969,36.32,93,1,8.7,RU,Fri Nov 10 20:11:13 2023
354,i-n-salah,27.1935,2.4607,71.49,38,5,13.02,DZ,Fri Nov 10 20:12:16 2023
355,axim,4.8699,-2.2405,78.6,88,55,8.57,GH,Fri Nov 10 20:10:31 2023
356,aykhal,66.0,111.5,17.31,59,100,22.28,RU,Fri Nov 10 20:12:16 2023
357,mamu kanjan,30.8333,72.8,61.21,81,0,5.06,PK,Fri Nov 10 20:07:40 2023
358,kenai,60.5544,-151.2583,31.08,97,100,5.75,US,Fri Nov 10 20:12:17 2023
359,okha,53.5739,142.9478,25.16,76,100,16.96,RU,Fri Nov 10 20:09:17 2023
360,antonio enes,-16.2325,39.9086,76.95,75,100,10.89,MZ,Fri Nov 10 20:11:14 2023
361,narimanov,46.6927,47.8498,35.51,76,0,7.72,RU,Fri Nov 10 20:12:17 2023
362,lower hutt,-41.2167,174.9167,58.91,63,7,9.22,NZ,Fri Nov 10 20:09:35 2023
363,luz,-19.8014,-45.6856,76.96,35,5,4.32,BR,Fri Nov 10 20:12:17 2023
364,coxim,-18.5067,-54.76,90.91,23,96,4.16,BR,Fri Nov 10 20:11:41 2023
365,carnarvon,-24.8667,113.6333,73.0,59,2,18.28,AU,Fri Nov 10 20:11:14 2023
366,desnogorsk,54.1508,33.2815,38.86,87,100,9.91,RU,Fri Nov 10 20:12:17 2023
367,gunjur,13.2019,-16.7339,73.47,88,55,0.0,GM,Fri Nov 10 20:12:17 2023
368,kampene,-3.6,26.6667,69.06,99,100,0.78,CD,Fri Nov 10 20:12:17 2023
369,gizo,-8.103,156.8419,82.58,76,100,18.41,SB,Fri Nov 10 20:11:16 2023
370,kobe,34.6913,135.183,61.12,58,32,16.89,JP,Fri Nov 10 20:12:18 2023
371,turkmenbasy,40.0222,52.9552,45.37,76,0,2.3,TM,Fri Nov 10 20:12:18 2023
372,luganville,-15.5333,167.1667,79.79,82,90,15.43,VU,Fri Nov 10 20:09:30 2023
373,zakynthos,37.7914,20.8953,65.62,74,100,18.52,GR,Fri Nov 10 20:12:18 2023
374,huarmey,-10.0681,-78.1522,66.85,85,16,8.99,PE,Fri Nov 10 20:12:18 2023
375,kindu,-2.95,25.95,70.43,94,100,1.19,CD,Fri Nov 10 20:12:18 2023
376,northam,51.0333,-4.2167,50.61,85,72,14.34,GB,Fri Nov 10 20:11:16 2023
377,polyarnyy,69.1989,33.4478,17.08,96,48,7.61,RU,Fri Nov 10 20:12:18 2023
378,mount gambier,-37.8333,140.7667,62.46,44,5,11.61,AU,Fri Nov 10 20:12:18 2023
379,waingapu,-9.6567,120.2641,86.85,57,0,5.08,ID,Fri Nov 10 20:12:18 2023
380,vila do maio,15.1333,-23.2167,75.99,68,93,12.66,CV,Fri Nov 10 20:12:18 2023
381,mitu,1.1983,-70.1733,73.87,99,100,1.92,CO,Fri Nov 10 20:12:18 2023
382,arraial do cabo,-22.9661,-42.0278,73.24,91,0,1.77,BR,Fri Nov 10 20:12:19 2023
383,tara,56.8944,74.371,35.11,98,100,5.39,RU,Fri Nov 10 20:11:17 2023
384,chatra,24.2167,84.8667,63.48,63,0,4.68,IN,Fri Nov 10 20:11:25 2023
385,uruzgan,32.8333,66.0,46.6,16,0,4.52,AF,Fri Nov 10 20:12:19 2023
386,aral,40.5156,81.2636,42.1,54,7,7.87,CN,Fri Nov 10 20:11:17 2023
387,kisangani,0.5167,25.2,68.0,98,99,0.92,CD,Fri Nov 10 20:12:19 2023
388,horta,38.5333,-28.6333,68.02,96,35,15.01,PT,Fri Nov 10 20:12:19 2023
389,keetmanshoop,-26.5833,18.1333,73.53,30,100,11.45,NA,Fri Nov 10 20:12:19 2023
390,belmonte,-15.8631,-38.8828,77.11,83,2,11.14,BR,Fri Nov 10 20:12:19 2023
391,usinsk,65.9939,57.5281,22.06,81,100,5.01,RU,Fri Nov 10 20:12:19 2023
392,narasannapeta,18.4167,84.05,70.57,74,0,4.94,IN,Fri Nov 10 20:11:18 2023
393,santa rita,-7.1139,-34.9781,77.67,83,20,9.22,BR,Fri Nov 10 20:12:19 2023
394,nizhniy ingash,56.2,96.53,3.33,97,18,2.75,RU,Fri Nov 10 20:12:20 2023
395,chahar burj,34.2448,62.1917,52.45,24,5,1.61,AF,Fri Nov 10 20:11:22 2023
396,zhosaly,45.4878,64.0781,48.02,55,98,13.89,KZ,Fri Nov 10 20:12:20 2023
397,hartford,41.7668,-72.7662,46.11,76,20,0.0,US,Fri Nov 10 20:10:56 2023
398,kalmunai,7.4167,81.8167,78.48,86,7,2.84,LK,Fri Nov 10 20:12:20 2023
399,misratah,32.3754,15.0925,72.12,63,37,5.61,LY,Fri Nov 10 20:12:20 2023
400,weno,7.4515,151.8468,85.95,84,100,8.05,FM,Fri Nov 10 20:12:20 2023
401,benguela,-12.5763,13.4055,77.32,73,100,10.0,AO,Fri Nov 10 20:12:20 2023
402,bir el ater,34.7449,8.0602,51.76,53,5,4.74,DZ,Fri Nov 10 20:11:18 2023
403,sassandra,4.95,-6.0833,75.78,93,48,6.55,CI,Fri Nov 10 20:12:20 2023
404,ironwood,46.4547,-90.171,33.57,100,100,0.0,US,Fri Nov 10 20:12:20 2023
405,partille,57.7395,12.1064,43.12,98,100,3.44,SE,Fri Nov 10 20:12:21 2023
406,zhezqazghan,47.7833,67.7667,36.18,100,100,8.95,KZ,Fri Nov 10 20:11:19 2023
407,xunchang,28.4543,104.715,65.17,88,100,2.21,CN,Fri Nov 10 20:12:21 2023
408,tofol,5.3248,163.0078,82.18,78,100,17.27,FM,Fri Nov 10 20:12:21 2023
409,tari,12.4086,4.4914,75.65,24,76,0.45,NG,Fri Nov 10 20:11:19 2023
410,jose pedro varela,-33.45,-54.5333,61.07,96,100,17.34,UY,Fri Nov 10 20:11:19 2023
411,elko,41.0002,-115.5012,46.22,26,0,3.0,US,Fri Nov 10 20:12:21 2023
412,grand falls-windsor,48.9332,-55.6649,34.5,91,100,1.01,CA,Fri Nov 10 20:12:21 2023
413,nadym,65.5333,72.5167,20.16,96,100,3.8,RU,Fri Nov 10 20:12:21 2023
414,hutchinson,38.0608,-97.9298,49.51,54,0,5.75,US,Fri Nov 10 20:08:41 2023
415,rio grande,-32.035,-52.0986,64.94,88,99,22.97,BR,Fri Nov 10 20:12:21 2023
416,barcelos,41.5388,-8.6151,63.91,98,100,10.94,PT,Fri Nov 10 20:12:21 2023
417,port douglas,-16.4833,145.4667,79.61,65,88,10.83,AU,Fri Nov 10 20:12:21 2023
418,midland,31.9974,-102.0779,48.87,87,100,5.75,US,Fri Nov 10 20:09:29 2023
419,aswan,24.0934,32.907,81.07,50,79,5.01,EG,Fri Nov 10 20:11:20 2023
420,westport,41.1415,-73.3579,49.75,70,0,8.05,US,Fri Nov 10 20:12:06 2023
421,cacheu,12.2706,-16.1658,71.69,65,100,4.92,GW,Fri Nov 10 20:12:22 2023
422,penal,10.1667,-61.4667,78.22,90,100,9.19,TT,Fri Nov 10 20:12:22 2023
423,khabary,53.6259,79.5345,35.33,96,100,6.67,RU,Fri Nov 10 20:12:22 2023
424,kamaishi,39.2667,141.8833,45.46,53,16,14.56,JP,Fri Nov 10 20:09:52 2023
425,tucumcari,35.1717,-103.725,42.94,81,100,8.05,US,Fri Nov 10 20:11:21 2023
426,karratha,-20.7377,116.8463,86.34,30,0,14.56,AU,Fri Nov 10 20:12:22 2023
427,fada,9.5667,8.3,70.23,51,94,0.49,NG,Fri Nov 10 20:11:21 2023
428,san antonio de pale,-1.4014,5.6325,78.76,84,99,12.37,GQ,Fri Nov 10 20:12:22 2023
429,khovd,48.0056,91.6419,23.4,94,100,1.79,MN,Fri Nov 10 20:11:56 2023
430,moranbah,-22.0016,148.0466,85.46,36,30,10.78,AU,Fri Nov 10 20:11:14 2023
431,porto novo,6.4965,2.6036,80.74,84,85,7.96,BJ,Fri Nov 10 20:08:59 2023
432,happy valley-goose bay,53.3168,-60.3315,26.91,80,75,9.22,CA,Fri Nov 10 20:12:23 2023
433,ust-tsilma,65.441,52.1498,22.6,97,100,1.01,RU,Fri Nov 10 20:12:23 2023
434,nagqu,31.5,92.0,22.51,77,100,2.64,CN,Fri Nov 10 20:12:23 2023
435,trujillo,-8.116,-79.03,66.16,88,9,8.05,PE,Fri Nov 10 20:08:56 2023
436,znamenskoye,57.1281,73.8282,34.23,97,100,4.94,RU,Fri Nov 10 20:12:23 2023
437,luanda,-8.8368,13.2343,75.42,89,100,9.98,AO,Fri Nov 10 20:09:54 2023
438,ihosy,-22.4,46.1167,62.8,87,37,6.98,MG,Fri Nov 10 20:12:23 2023
439,lata,40.1629,-8.3327,63.07,99,100,5.46,PT,Fri Nov 10 20:12:23 2023
440,tolanaro,-25.0319,46.9987,66.06,77,24,3.42,MG,Fri Nov 10 20:12:23 2023
441,berezovyy,51.6667,135.7,20.14,69,97,1.5,RU,Fri Nov 10 20:12:23 2023
442,severnoye,56.3491,78.3619,32.99,99,100,5.01,RU,Fri Nov 10 20:11:22 2023
443,jashpurnagar,22.9,84.15,61.72,58,0,3.62,IN,Fri Nov 10 20:12:23 2023
444,itoman,26.1247,127.6694,77.02,73,75,13.8,JP,Fri Nov 10 20:12:24 2023
445,dailekh,28.8333,81.6667,57.24,63,83,5.44,NP,Fri Nov 10 20:12:24 2023
446,makar'yev,57.8797,43.8069,33.13,90,96,4.74,RU,Fri Nov 10 20:12:24 2023
447,okhotsk,59.3833,143.3,2.89,82,14,21.23,RU,Fri Nov 10 20:11:23 2023
448,sao paulo de olivenca,-3.3783,-68.8725,75.74,95,83,0.81,BR,Fri Nov 10 20:12:24 2023
449,mount pearl,47.5166,-52.7813,37.15,89,100,19.57,CA,Fri Nov 10 20:12:24 2023
450,wladyslawowo,54.7909,18.4009,40.93,86,8,7.92,PL,Fri Nov 10 20:12:24 2023
451,karatuzskoye,53.6072,92.8667,-1.5,97,6,3.27,RU,Fri Nov 10 20:11:23 2023
452,aitape,-3.1374,142.3475,85.87,70,100,5.08,PG,Fri Nov 10 20:11:24 2023
453,pisco,-13.7,-76.2167,66.25,88,0,13.8,PE,Fri Nov 10 20:12:24 2023
454,leticia,-4.2153,-69.9406,77.05,100,20,2.3,CO,Fri Nov 10 20:12:24 2023
455,taghazout,30.5426,-9.7112,59.77,52,0,0.85,MA,Fri Nov 10 20:12:25 2023
456,kerikeri,-35.2268,173.9474,66.36,54,14,8.32,NZ,Fri Nov 10 20:12:17 2023
457,baiao,-2.7906,-49.6717,80.47,74,83,3.49,BR,Fri Nov 10 20:12:25 2023
458,nemuro,43.3236,145.575,40.12,64,45,23.87,JP,Fri Nov 10 20:09:05 2023
459,bubaque,11.2833,-15.8333,83.8,57,98,11.5,GW,Fri Nov 10 20:12:25 2023
460,mon,26.75,95.1,62.82,79,0,2.53,IN,Fri Nov 10 20:12:25 2023
461,gulf shores,30.246,-87.7008,74.05,82,75,3.44,US,Fri Nov 10 20:11:21 2023
462,altai,46.3722,96.2583,7.68,89,10,2.51,MN,Fri Nov 10 20:12:25 2023
463,vorkuta,67.5,64.0,4.73,100,92,5.68,RU,Fri Nov 10 20:12:25 2023
464,ha'il,27.5219,41.6907,57.22,58,0,4.61,SA,Fri Nov 10 20:12:25 2023
465,rikaze,29.25,88.8833,30.52,64,0,2.95,CN,Fri Nov 10 20:12:25 2023
466,shchigry,51.8755,36.9043,35.42,91,100,7.58,RU,Fri Nov 10 20:09:16 2023
467,derzhavinsk,51.1,66.3167,41.61,82,100,10.56,KZ,Fri Nov 10 20:12:26 2023
468,bamboo flat,11.7,92.7167,77.09,94,40,2.3,IN,Fri Nov 10 20:12:26 2023
469,novaya igirma,57.1334,103.9112,3.9,96,11,2.15,RU,Fri Nov 10 20:09:13 2023
470,kingscliff,-28.2667,153.5667,77.74,68,100,8.05,AU,Fri Nov 10 20:12:26 2023
471,ghat,24.9647,10.1728,70.18,15,0,3.71,LY,Fri Nov 10 20:11:25 2023
472,taulaga,-11.0553,-171.0883,83.43,78,21,8.34,AS,Fri Nov 10 20:11:25 2023
473,praia da vitoria,38.7333,-27.0667,69.76,98,100,22.41,PT,Fri Nov 10 20:12:26 2023
474,ma'rib,15.4591,45.3253,66.24,35,14,4.76,YE,Fri Nov 10 20:11:26 2023
475,korla,41.7597,86.1469,43.79,59,100,9.19,CN,Fri Nov 10 20:12:26 2023
476,port shepstone,-30.7414,30.455,67.32,93,20,15.68,ZA,Fri Nov 10 20:11:26 2023
477,sittwe,20.15,92.9,72.61,78,3,6.33,MM,Fri Nov 10 20:11:26 2023
478,abancay,-13.6339,-72.8814,62.02,80,85,4.56,PE,Fri Nov 10 20:12:26 2023
479,tynda,55.1667,124.7167,5.81,76,13,4.43,RU,Fri Nov 10 20:12:26 2023
480,la plata,-34.9215,-57.9545,63.86,98,100,21.85,AR,Fri Nov 10 20:11:01 2023
481,manakara,-22.1333,48.0167,70.5,83,100,9.08,MG,Fri Nov 10 20:12:27 2023
482,sinop,41.7711,34.8709,52.75,74,70,11.74,TR,Fri Nov 10 20:07:54 2023
483,cattolica,43.9575,12.7376,50.88,88,100,5.75,IT,Fri Nov 10 20:12:27 2023
484,mulayjah,27.271,48.4242,74.21,73,100,1.14,SA,Fri Nov 10 20:12:27 2023
485,pionerskiy,54.9508,20.2275,48.15,87,100,8.75,RU,Fri Nov 10 20:11:27 2023
486,lerwick,60.1545,-1.1494,44.6,75,100,19.3,GB,Fri Nov 10 20:12:27 2023
487,najaf,31.9985,44.3398,58.78,58,36,0.0,IQ,Fri Nov 10 20:12:27 2023
488,kulunda,52.566,78.9385,38.01,91,100,11.01,RU,Fri Nov 10 20:12:27 2023
489,bodo,67.28,14.405,28.44,71,0,11.5,NO,Fri Nov 10 20:12:27 2023
490,marion,39.7684,-86.1555,47.32,58,0,13.8,US,Fri Nov 10 20:12:27 2023
491,osa,57.2829,55.4567,41.7,84,100,1.57,RU,Fri Nov 10 20:12:27 2023
492,wanning,18.8003,110.3967,80.78,84,20,5.12,CN,Fri Nov 10 20:12:28 2023
493,alamogordo,32.8995,-105.9603,49.44,88,100,0.0,US,Fri Nov 10 20:12:28 2023
494,coruripe,-10.1256,-36.1756,76.28,76,0,11.25,BR,Fri Nov 10 20:07:38 2023
495,mana,5.6592,-53.7767,80.55,84,21,11.79,GF,Fri Nov 10 20:12:14 2023
496,herrieden,49.2333,10.5167,41.49,81,75,10.36,DE,Fri Nov 10 20:12:28 2023
497,dolores,-36.3132,-57.6792,57.99,95,100,18.14,AR,Fri Nov 10 20:12:28 2023
498,kuala belait,4.5833,114.1833,80.82,81,82,6.73,BN,Fri Nov 10 20:11:28 2023
499,santa cruz,-17.8,-63.1667,87.26,55,25,10.36,BO,Fri Nov 10 20:12:28 2023
500,berdigestyakh,62.0989,126.6992,-9.08,100,100,2.98,RU,Fri Nov 10 20:11:28 2023
501,ingeniero jacobacci,-41.3427,-69.5448,51.62,46,95,20.13,AR,Fri Nov 10 20:11:28 2023
502,manicore,-5.8092,-61.3003,84.04,53,36,3.94,BR,Fri Nov 10 20:12:28 2023
503,namibe,-15.1961,12.1522,66.38,82,78,3.96,AO,Fri Nov 10 20:12:28 2023
504,talara,-4.5772,-81.2719,70.56,83,0,12.66,PE,Fri Nov 10 20:12:29 2023
505,megion,61.0296,76.1136,26.62,96,95,4.47,RU,Fri Nov 10 20:11:29 2023
506,gangi,37.7957,14.2044,54.72,91,100,4.61,IT,Fri Nov 10 20:12:29 2023
507,orchard homes,46.8633,-114.0484,37.58,79,75,0.0,US,Fri Nov 10 20:11:29 2023
508,regina,50.4501,-104.6178,29.03,86,0,20.71,CA,Fri Nov 10 20:12:27 2023
509,st ives,50.2086,-5.4875,51.08,72,13,14.94,GB,Fri Nov 10 20:12:29 2023
510,plymouth,41.8334,-70.8328,48.7,75,0,4.61,US,Fri Nov 10 20:09:34 2023
511,tenenkou,14.4572,-4.9169,80.83,19,100,9.1,ML,Fri Nov 10 20:12:29 2023
512,shamkhal,43.0596,47.3373,44.8,56,0,1.99,RU,Fri Nov 10 20:12:29 2023
513,yarkovo,57.4028,67.0786,31.48,91,100,6.31,RU,Fri Nov 10 20:12:29 2023
514,fastovetskaya,45.9189,40.1589,43.21,75,87,10.58,RU,Fri Nov 10 20:11:30 2023
515,kalemie,-5.9475,29.1947,72.39,84,100,5.35,CD,Fri Nov 10 20:12:29 2023
516,mersa matruh,31.3525,27.2453,69.55,80,2,4.85,EG,Fri Nov 10 20:12:30 2023
517,beledweyne,4.7358,45.2036,75.47,89,100,11.63,SO,Fri Nov 10 20:12:30 2023
518,forbes,-33.3833,148.0167,90.91,30,12,14.56,AU,Fri Nov 10 20:12:30 2023
519,khanty-mansiysk,61.0042,69.0019,28.51,100,75,7.0,RU,Fri Nov 10 20:12:30 2023
520,lazaro cardenas,17.9583,-102.2,80.22,82,5,2.3,MX,Fri Nov 10 20:12:30 2023
521,bangassou,4.7413,22.8184,70.18,99,100,2.1,CF,Fri Nov 10 20:12:30 2023
522,pingliang,35.5392,106.6861,38.66,63,81,4.07,CN,Fri Nov 10 20:12:30 2023
523,nizhneangarsk,55.7833,109.55,14.0,52,27,4.0,RU,Fri Nov 10 20:12:30 2023
524,mary,37.0,62.5,58.06,35,100,9.1,TM,Fri Nov 10 20:12:30 2023
525,coquimbo,-29.9533,-71.3436,60.06,85,0,1.61,CL,Fri Nov 10 20:12:31 2023
526,san rafael del sur,11.8485,-86.4384,78.35,87,100,6.49,NI,Fri Nov 10 20:11:31 2023
527,muravlenko,63.7898,74.523,20.59,96,100,5.97,RU,Fri Nov 10 20:12:31 2023
528,xuddur,4.1213,43.8894,72.81,89,100,16.71,SO,Fri Nov 10 20:12:31 2023
529,madinat ash shamal,26.1293,51.2009,79.77,68,96,7.14,QA,Fri Nov 10 20:12:31 2023
530,kingaroy,-26.5333,151.8333,81.27,37,0,6.46,AU,Fri Nov 10 20:12:31 2023
531,tingo maria,-9.2895,-76.0088,72.3,87,18,2.66,PE,Fri Nov 10 20:11:31 2023
532,newman,37.3138,-121.0208,64.29,46,100,5.44,US,Fri Nov 10 20:12:32 2023
533,dalandzadgad,43.5708,104.425,15.8,27,0,9.69,MN,Fri Nov 10 20:11:31 2023
534,nampula,-15.1165,39.2666,73.35,88,40,9.22,MZ,Fri Nov 10 20:11:32 2023
535,el granada,37.5027,-122.4694,65.93,53,75,3.44,US,Fri Nov 10 20:12:32 2023
536,al kharijah,25.4514,30.5464,76.96,39,100,8.97,EG,Fri Nov 10 20:12:32 2023
537,north bend,43.4065,-124.2243,53.51,82,0,4.61,US,Fri Nov 10 20:12:32 2023
538,swan hill,-35.3378,143.5544,92.28,19,9,13.15,AU,Fri Nov 10 20:12:32 2023
539,essaouira,31.5125,-9.77,71.1,64,0,11.5,MA,Fri Nov 10 20:12:07 2023
540,pyt-yakh,60.7499,72.8582,29.66,92,98,4.56,RU,Fri Nov 10 20:12:32 2023
541,igarka,67.4667,86.5833,20.97,95,100,14.9,RU,Fri Nov 10 20:11:33 2023
542,piti village,13.4626,144.6933,89.89,74,100,18.95,GU,Fri Nov 10 20:12:32 2023
543,ramos arizpe,25.55,-100.9667,65.82,60,100,0.0,MX,Fri Nov 10 20:12:32 2023
544,taltal,-25.4,-70.4833,66.58,71,0,4.63,CL,Fri Nov 10 20:12:32 2023
545,oued zem,32.8627,-6.5736,60.64,72,0,7.43,MA,Fri Nov 10 20:12:33 2023
546,mildura,-34.2,142.15,88.12,23,32,17.07,AU,Fri Nov 10 20:12:33 2023
547,verkhnevilyuysk,63.4453,120.3167,1.71,97,53,4.54,RU,Fri Nov 10 20:12:33 2023
548,pangai,-19.8,-174.35,76.41,86,90,25.97,TO,Fri Nov 10 20:12:34 2023
549,yichang,30.7144,111.2847,47.16,69,100,1.63,CN,Fri Nov 10 20:12:34 2023
550,vernon,50.2581,-119.2691,45.75,75,40,2.3,CA,Fri Nov 10 20:12:34 2023
551,qamdo,31.1667,97.2333,28.99,51,100,5.39,CN,Fri Nov 10 20:12:34 2023
552,zelenogradsk,54.9589,20.4767,48.36,93,100,6.71,RU,Fri Nov 10 20:12:35 2023
553,sao vicente,-23.9631,-46.3919,78.98,26,61,4.07,BR,Fri Nov 10 20:09:37 2023
554,preobrazheniye,42.9019,133.9064,26.04,43,3,8.9,RU,Fri Nov 10 20:11:35 2023
555,trairi,-3.2778,-39.2689,79.38,78,14,14.16,BR,Fri Nov 10 20:10:17 2023
556,qeshm,26.9581,56.2719,69.69,55,20,3.94,IR,Fri Nov 10 20:12:35 2023
557,arvayheer,46.2639,102.775,12.69,30,0,6.38,MN,Fri Nov 10 20:11:35 2023
558,andergrove,-21.0833,149.1833,80.65,64,4,11.56,AU,Fri Nov 10 20:12:35 2023
559,dimako,4.3833,13.5667,67.28,99,99,2.59,CM,Fri Nov 10 20:12:35 2023
560,amga,60.8953,131.9608,-14.28,99,100,1.03,RU,Fri Nov 10 20:12:35 2023
561,domerat,46.3606,2.5343,44.28,94,94,1.99,FR,Fri Nov 10 20:12:36 2023
562,shortandy,51.7006,70.9994,33.91,87,99,7.76,KZ,Fri Nov 10 20:11:36 2023
563,hamhung,39.9183,127.5364,38.08,25,94,1.03,KP,Fri Nov 10 20:12:36 2023
564,lloydminster,53.2835,-110.0016,32.22,86,75,9.22,CA,Fri Nov 10 20:11:36 2023
565,tazacorte,28.629,-17.9293,75.15,60,75,8.05,ES,Fri Nov 10 20:12:36 2023
566,kish,26.5578,54.0194,77.27,57,0,4.61,IR,Fri Nov 10 20:11:36 2023
567,bodaybo,57.8506,114.1933,14.31,95,100,2.24,RU,Fri Nov 10 20:11:36 2023
568,ugoofaaru,5.6667,73.0,81.88,78,92,5.35,MV,Fri Nov 10 20:12:36 2023
569,dalnegorsk,44.5604,135.5701,23.59,76,15,11.99,RU,Fri Nov 10 20:12:36 2023
570,toamasina,-18.1667,49.3833,73.4,94,40,8.05,MG,Fri Nov 10 20:12:36 2023
571,jianshui,23.6363,102.8264,65.14,82,2,2.26,CN,Fri Nov 10 20:12:37 2023
572,el rosario,24.2556,-107.1828,75.0,69,0,7.65,MX,Fri Nov 10 20:12:37 2023
573,sakakah,29.9697,40.2064,62.17,35,16,4.61,SA,Fri Nov 10 20:12:37 2023
574,cole harbour,44.6724,-63.4751,42.28,81,45,10.36,CA,Fri Nov 10 20:12:37 2023
575,lubao,14.9167,120.55,87.51,69,77,6.49,PH,Fri Nov 10 20:11:38 2023
576,waddan,29.1614,16.139,68.27,35,0,5.82,LY,Fri Nov 10 20:12:37 2023
577,auki,-8.7676,160.7034,78.08,92,100,10.38,SB,Fri Nov 10 20:11:38 2023
